num	corr_ew	true_corr_ew	corr_dr	true_corr_dr	snr
0	-0.22040212221374098	0.12965261670627043	0.7616827215228064	0.6893697700666879	275.58824599175665
1	-0.06336558592811613	-0.3143208522175166	0.5532342808897803	0.6121972204690428	293.87820027614197
2	-0.11859268797853362	-0.013428914672173612	0.7552497285544754	0.5092097185407518	224.1258392736244
3	0.12131982848598452	0.2811320074336597	0.730480452065029	0.7878641313178532	269.30679188942355
4	-0.31129646091768387	-0.1038595104784217	0.7428202282036958	0.703539669362707	268.1639913383156
5	0.0893354589351223	0.5476622556741405	0.36563615189653675	0.9209526982330747	272.906429174813
6	-0.15917094016498934	-0.1526599877566661	0.7120375197016315	0.7871124942418319	316.96836362642836
7	-0.02757294347519555	-0.06309856118453938	0.4459244881103831	0.7086023928321108	297.2887276520637
8	-0.4161646952700434	-0.39319162320905676	0.8118201471010594	0.924671637443487	243.67285285175703
9	0.5992021349396733	0.33522374286371937	0.7587067961047288	0.9078172401647222	262.9522757805026
10	0.5504551743560856	0.44469338232094785	0.7433287474256933	0.7559251134553746	282.75001240030065
11	-0.03320244652326064	0.28980951220360496	0.6667268922885565	0.7497335298279743	258.940177950805
12	-0.21248350352459605	-0.31713975336290373	0.6988965265122516	0.7758321285365715	240.5696841374521
13	-0.5992201410728849	-0.4554917380263016	0.920662088995591	0.8848566686055563	343.88286979538947
14	-0.4591796424782465	-0.10730345426987221	0.7495911205446205	0.9215801190686643	213.9176272322777
15	-0.30346315183391864	-0.025913609620210738	0.5977111005044612	0.7835993916503852	290.24844466902454
16	0.6278682204945221	0.5677514761652515	0.6312708897954755	0.7169733243332995	333.891962785396
17	0.61497803861055	-0.20815181381642991	0.9458772992771661	0.8901317063530299	260.4390003293047
18	-0.03474854180386343	0.205966638913788	0.8303030622776862	0.9526834334862935	286.1813797458245
19	-0.29869165229449723	-0.031798246010124154	0.8300032369590158	0.8765304971312624	282.51857001389953
20	-0.015937771389119563	0.2410319244824211	0.5401050564753401	0.6891704377810657	281.06392708993457
21	-0.049352176276282356	-0.02506768328312232	0.47160937729067776	0.6605984230274305	245.65772186266253
22	-0.317565649588607	-0.10122011526084336	0.5718871994891329	0.7333474830069834	228.18064126823617
23	-0.15001726200754878	-0.19194818865424246	0.6198118832577815	0.8612410192045252	265.8653960476992
24	-0.055708776013456515	-0.009495031478190303	0.7339914450023745	0.7469330836682618	290.7783129235793
25	-0.2711988962812509	-0.38124696461173435	0.734739608464261	0.7818374045095644	248.02572471972306
26	-0.1134595446327366	-0.20199833809903017	0.6971273034730927	0.5705290231882878	281.89575711178026
27	0.15183378439722936	-0.34507711999041546	0.7822913004684329	0.6474683667000346	295.8884450868505
28	0.6694065609490022	0.344439486022292	0.823963000519188	0.321012318375784	254.5750357554504
29	-0.21914051211244742	-0.19454056779528292	0.8617236459279483	0.5912776666158023	306.03050063032197
30	-0.4201799688808275	-0.7435049299567325	0.7847396486838395	0.8740012757900656	312.1430248739858
31	0.22652947084586034	0.03449281033814678	0.7819146177263917	0.6299503367364775	247.46507530811903
32	-0.028979155376289846	0.14232265685099807	0.6822095745835076	0.7249509720392296	266.0860337954131
33	-0.24445391454846394	-0.08301523741944807	0.7850866184846027	0.7623657510558369	245.18233466625983
34	0.15988754782234385	-0.3384720327135769	0.7461071619544482	0.8408194130572372	235.31828018309068
35	0.37537013951588577	-0.019057178024629567	0.8409208190070171	0.8212979911229629	219.53618738509118
36	0.4560202813932687	0.4116964822586899	0.5187186186524773	0.7893428811919906	229.41441502119807
37	-0.4886168135986637	-0.25877029700463594	0.5357482675389917	0.5013848325791258	313.8086171586263
38	-0.24933627453577373	0.21577405003391414	0.8043031298715014	0.9302813484852536	260.62481929591286
39	-0.06635020622667769	0.2026670183118384	0.8106179574240711	0.8918424177496956	270.4827621030517
40	-0.12542158102635706	0.3987147241009267	0.7797827768735726	0.8780646286213323	230.47823035563272
41	0.028346652161805055	-0.04542387658949287	0.6138818601137779	0.8794916689521762	269.2273026386318
42	0.3846382329280405	-0.25472672604054636	0.7817480375690165	0.816075055421043	264.750030722644
43	-0.4142141806250011	-0.10966697516232551	0.7694241911648306	0.785343608266499	260.4282060793198
44	0.522087664839679	0.32442325150655177	0.6961148969468536	0.7351218814520669	256.29777262350416
45	-0.32356676265284107	-0.39361926430913546	0.8498455577669893	0.720981759753623	261.1640326498502
46	-0.048370264931993	-0.20867136838773734	0.6498465598324492	0.8253897436994773	285.08171261821974
47	-0.23587190634946242	-0.4163169729772194	0.7811427864628538	0.8696718944264408	255.99353960886538
48	0.24539043191433793	0.31762285520888256	0.5588236497898933	0.7835366801666628	264.39745400726196
49	-0.017727163589308037	0.22278102532942154	0.8766039256225503	0.8484507837897347	261.0431178856516
50	0.0213968523570337	-0.09326124230460915	0.473908402732811	0.6283699015990972	252.94218112796082
51	0.5432295650951798	0.38949789964590686	0.3944920541004661	0.7977399259563674	238.43415318704817
52	0.35233262069758403	-0.2384130061131679	0.7879817339567177	0.7277775297691287	286.51947347768487
53	0.10626761661490677	0.313191027824518	0.7261529085015314	0.8742400530838651	256.3918452211287
54	0.3476200468286961	0.4764796126010672	0.4946987615761296	0.6102918468202252	259.7116889090623
55	-0.08270405988630858	-0.24267616133474865	0.7687186973293051	0.8223234168890285	239.15542734066827
56	-0.014419391057848788	0.23606069507625	0.9039380058800164	0.7262800949513959	249.91270572142938
57	-0.24340521387951872	-0.08477243921392635	0.6028978731232688	0.9021186490833552	265.56304654002366
58	0.3154980307735974	0.4642389010732654	0.8004877431369581	0.8315737238923446	341.93052823713793
59	0.15410388348504764	-0.2510900635555817	0.5221071676104448	0.7375750546620911	264.48295113193484
60	-0.3157604835370206	-0.07190832712563582	0.6526281410151005	0.8146966808784941	276.98302723576245
61	0.2907801421898762	0.17149064240231643	0.7501309230936172	0.738863943695294	276.96630885952203
62	-0.2746593124154416	-0.0862811611469958	0.756240280681411	0.8335883121244996	278.2220090434025
63	0.19740715089239846	-0.05713250516857498	0.723664628310731	0.5483954793391477	304.25690443379597
64	0.12334789093810927	0.0897493184677155	0.9018170844820873	0.8015832451507431	225.54187696637447
65	-0.0798683952482196	0.34489971135955044	0.7214880017286809	0.8646350253445035	295.4022072286248
66	-0.20372229081146237	0.058381094261945876	0.7342070311400624	0.9079842435900718	297.66252725741015
67	0.7438623496412416	0.03933984272801327	0.8236657852604216	0.7367457755581959	313.9678036528444
68	0.04899870566826385	0.43056495226500935	0.7698059427557037	0.7215026954793404	231.30205286570208
69	0.11094040564530648	-0.05186771092497134	0.5058782599424543	0.7258538965547293	208.77952365864266
70	0.36625815489507174	0.2055931699373774	0.6055755850063709	0.9393807736647488	260.02438605042437
71	0.02220096125329478	0.19251776008849486	0.3130542398672609	0.6259400443030609	254.21270544704112
72	0.3935598407686094	0.09800650753745499	0.6749221726257912	0.8805415814898292	267.0404149717021
73	-0.31577592619729766	-0.1320377472760364	0.5879059271587664	0.8367403035363329	298.77959433848827
74	0.10699454885454525	0.07809931193628117	0.9085914838124062	0.8485971374095945	383.9008052624082
75	0.23525250728386427	0.37198142328345357	0.804604158932289	0.8021028692148632	276.63244485115655
76	-0.32576723506898086	0.08085014352670081	0.8906668936133568	0.8252336209524649	294.8808037612278
77	-0.2650454193993577	-0.3956313099379823	0.5240175110108987	0.635821059861132	250.43092440403967
78	0.3715760988647954	0.24759150671101146	0.7846790261402811	0.9035346035667764	291.64619098942717
79	0.18807219291018065	0.2912681753117051	0.7463089180605473	0.7278242525739764	272.03371539187793
80	0.46566146624027904	-0.08488766465126693	0.6728638002257473	0.576803003217894	269.57732106324903
81	-0.026847311685618304	0.08205218688130528	0.8236955021203579	0.9093028518252808	246.12337091789914
82	0.05644770228564333	0.12925706240732274	0.45144158687719677	0.8318055058750377	255.26851892049967
83	-0.3258324798138677	0.023387334988298432	0.4916220607931902	0.6824719986293127	268.0650602175014
84	0.04675641222762822	0.08307869981960202	0.5009712993962386	0.7561993047292276	197.41718091798342
85	-0.5165918052602916	-0.04758151592300705	0.7314750869068594	0.8180336588039288	235.92760746798177
86	-0.03766494332027087	-0.31733604295201834	0.47565461716949214	0.812323376177575	235.51581875550184
87	0.346435069799211	-0.00872542776541241	0.6293404196072813	0.7456975090059725	269.2636500158418
88	0.4024514231940969	0.22915253201012678	0.6352121362402845	0.8355958168190983	281.31436050648074
89	0.4488554842559417	0.0739368815116512	0.784591899366305	0.6507465321256978	257.7338075747426
90	0.10845138984957736	0.24667364024773447	0.4694066728925068	0.6958288111952368	255.35333419621907
91	-0.029471328023772857	0.21610551431103203	0.8096284003552532	0.8757754683158394	296.42573647063585
92	0.3900522788276031	0.506214724279181	0.919696977525767	0.9223636272208094	306.9201082917158
93	0.489603496295583	0.5312250054493127	0.40444200585741996	0.8906187774275587	295.31707914555136
94	0.19265261033004988	-0.09023175791613572	0.8383497812886189	0.7887233816567378	263.8467781082503
95	0.23074242274751797	-0.1475162081418864	0.6736066576234894	0.8155821682813303	257.8021657037589
96	-0.001028610648132115	0.01935405836519122	0.5122091682667291	0.8584402755648205	253.2916594116451
97	0.2945018840905556	0.3986932663771374	0.7480983525036834	0.720474470376587	255.89386972367728
98	0.15557964389623813	0.3455424121300146	0.7933532528789541	0.9387865583468238	245.59290274708167
99	-0.08231655502847665	0.04503341252557419	0.7905531392811856	0.7954818995642726	282.60491501766484
100	-0.2069651643755918	-0.32028110463639714	0.7570669665710142	0.8404967064344664	230.482522193816
101	-0.4547061453322645	-0.2425109118542151	0.8649354970757493	0.9245179086826798	267.30193335947115
102	0.16160831777606516	-0.013167704684075862	0.320139065709376	0.8602099492684566	276.73926520797886
103	0.18770877926117435	0.08818951566668953	0.5589752439392628	0.863115753436866	239.97332061191798
104	0.3482445122322072	0.5118606162440371	0.929632392446403	0.9547181282034888	299.54868502108735
105	0.05422348172475612	-0.28240421654325576	0.6427616290292179	0.7354946797523079	265.70788021246784
106	-0.04986065323122022	-0.04272494092475849	0.49968495254587236	0.516097366313113	239.53077967258727
107	0.43007352459342235	0.47180861004119	0.7090974521367982	0.9236599793714743	239.49659146218153
108	0.6148024442324095	0.06767471671297998	0.6630219758379932	0.8835593920862621	335.98622925171895
109	-0.049153947358190134	0.13474910159519946	0.5324991222902598	0.5379630419705546	273.3307171277708
110	-0.144323300474756	-0.136300726922396	0.551859663609696	0.7595051698010981	285.7167274606849
111	0.15410990529557453	-0.12288597288187302	0.723483195300039	0.9371292748620227	284.28348433496757
112	0.378135139836987	-0.1944793703141272	0.7157846120952092	0.9279256908411848	273.1551438133155
113	0.01216089878984076	0.2775358860805568	0.789091265571575	0.8763871974933287	284.4731638920786
114	-0.31618354707540863	-0.41632987392660487	0.667430538024026	0.8475462360659081	226.73891375364255
115	-0.44251885610209546	-0.5481145959525697	0.68223921477313	0.7783691031731168	237.35064657260324
116	0.24925034526768894	0.12007794878981447	0.8032783532369235	0.8782354402549516	281.8234737678566
117	0.49510638508026944	0.2788908302726691	0.8171465332054978	0.5940190628767561	240.00256963553983
118	-0.12013509382493641	0.12238563807585363	0.7510347594165016	0.8068017338547683	265.4645920754348
119	-0.0918438511665321	-0.15768166752488683	0.8415258523582344	0.8505650017021864	248.4053200939717
120	0.062088179154705485	0.14106153855865763	0.81710726014066	0.8088577120701411	254.04679479595498
121	0.31268529249991556	0.13714518964117514	0.8816588773749181	0.7937710175039985	288.35989980769693
122	-0.1691610721120766	-0.29138770349098714	0.48478793010310794	0.7784021346311552	226.44582196304967
123	0.43191752592437893	0.294397411209249	0.7271183867609385	0.851514984082741	305.082043462096
124	-0.4164048346738715	-0.23920301348789738	0.4850155264807369	0.6250583798554757	292.14129638921776
125	0.5676642205130928	0.13297778772426316	0.5770021731583703	0.9058570319134776	262.88367520234107
126	-0.3604646663427819	-0.24161430574060566	0.5450047096097852	0.8297985432824314	256.3130745605047
127	-0.24604157073575567	-0.09779902801947607	0.7335550368710799	0.832017234486122	311.57204883041953
128	0.1370136521473811	0.1597148001335191	0.4937949073300764	0.8273948558377735	280.15158258100473
129	0.21023237569595585	-0.09732321856103136	0.8599763082012326	0.7710942240300855	274.1157358744136
130	-0.17336035663728436	0.2613637758131867	0.8902031589591354	0.9193940622413513	299.1991450206985
131	-0.26476235862485614	-0.38068463240227374	0.3225650279630778	0.6896595691771601	239.44250536926114
132	-0.25071807190992085	0.0359549660340166	0.4203071440986223	0.733116077171775	237.1232467387493
133	0.7193401695506915	0.5411075849391663	0.8513749296348688	0.8825113274559422	324.24637757149713
134	0.20002199549382785	-0.22297727164267936	0.818115622860046	0.913560976825377	279.1285270819752
135	-0.005861908270680493	-0.14409202502740934	0.8753276667770774	0.882301663575409	317.26380622258193
136	0.07268889134110591	0.13943336867350478	0.5106453360412875	0.7225738893708894	251.7744331685792
137	0.289764526593143	0.036890080449639304	0.6570320500844288	0.8633209141697396	297.3924279312773
138	0.33546412288096816	0.130496209531473	0.7245401105713608	0.88199224414132	224.92507158058874
139	0.21141737519381948	-0.45481798699008297	0.6064481391536212	0.8143569083540578	250.94314029637894
140	0.33787392701988883	-0.47248520109994474	0.7217338329091953	0.9146371716346869	286.3011440591928
141	0.7001563649789203	0.26650594836327757	0.562349660926294	0.8366389634401953	248.5897831938272
142	-0.12367865872237835	-0.03127937273683741	0.8161225219824624	0.668052852944736	210.2828674205193
143	0.12221317271190388	-0.35456344324293887	0.8246880185723989	0.8330805869169572	251.58354252142334
144	0.15154272512249203	0.3093666480602523	0.6565856875410279	0.757005392965835	311.99005672714776
145	-0.2651197559061461	-0.33148306133409383	0.7706384432019663	0.838254911442144	297.9456377194414
146	0.30557363211205224	0.0014092399835626864	0.23665237480942913	0.6280943200426489	300.0045462734969
147	0.44597733865628636	0.20371516681891153	0.8572786374297346	0.7432300848408762	306.413746085548
148	0.3127225606811831	0.17712405051526908	0.6364534020658785	0.6968392190271192	233.15201834425326
149	-0.41497210205267776	-0.5040641273498956	0.8046121111932393	0.8852006418633713	247.72619335497345
150	-0.015514384288195125	-0.23354614124359718	0.8294915763918547	0.850372266343826	210.63704507195732
151	-0.14160070774082256	-0.17595189034400066	0.5577275221995037	0.6228519271979164	263.6996258035672
152	0.41312291535924567	-0.2743730058970015	0.8224808681225111	0.753718377768131	287.6534880138741
153	0.2574660835926126	-0.214647047877662	0.6470797324759161	0.7140170253917325	291.40088225602426
154	-0.31549344781455685	-0.14681643614552506	0.6631543220538998	0.5547891830789087	274.8323300440278
155	-0.28326601285511593	-0.09891557359006638	0.7733847344607815	0.7316122596065066	268.302842761012
156	0.11231510745213531	0.022938500678812184	0.6602686504571457	0.5773633836713992	299.37104924729334
157	0.057493064209537155	0.4485442950736248	0.8333579232744656	0.7791013362945408	242.89357866217003
158	-0.05912309939096598	-0.18809286958627616	0.6208195845159835	0.7441119633099897	313.7402320410604
159	0.3402413225010405	0.34797839614317744	0.7563550098361855	0.8664303616588404	212.18847146938597
160	-0.45301184039133635	-0.6384575617772191	0.8414026701444057	0.9120041847042514	307.6724548042453
161	0.11876272217020871	-0.44708566832312513	0.7373144077351507	0.8580029151410679	272.30167785417734
162	-0.0685738214936641	0.12352962584310874	0.6753795263951314	0.7665846124664673	288.2176939967782
163	-0.24781068334168085	-0.26671795789263375	0.567345560871777	0.8918411406925535	257.8377197381184
164	0.036699673640635096	-0.11946896151047115	0.7197210086562542	0.8278252951804069	267.04462500297194
165	-0.0520940936142061	-0.17372129545236475	0.5603525719327089	0.4485336326479259	269.79930146110047
166	0.42699560029091954	-0.08017824035034696	0.5827854618678515	0.8281729194839347	261.91879070683865
167	-0.18081817162758948	0.16868516227162877	0.5481496135778491	0.9259873137969687	280.88246025724084
168	0.5017607417628738	0.030286882660861797	0.7141290887578158	0.6566410530087822	276.5196640228412
169	0.06028771487359549	0.26539159471927637	0.7243358368905943	0.8400318274519233	253.90750239633323
170	-0.25311670885497506	-0.317656600287925	0.7695810131039016	0.7971553819249475	243.3338286143642
171	0.24739371566792345	0.19472718672087266	0.7776494036339465	0.8059565597398168	323.3353975320694
172	-0.24409733993022242	-0.03271200072036424	0.7595442002670545	0.7633062212119508	282.24095401185457
173	-0.6576505665375352	-0.3090063061235399	0.5699576645941193	0.8161973103016142	291.1947079355406
174	-0.3625324283864743	0.10075562318731383	0.7294444098371407	0.6742733715022075	249.69373026154275
175	0.2871525742739708	0.11790360247416254	0.601168584265187	0.8859333922218359	262.2123350030644
176	0.06076911529885204	0.06989341523697475	0.5463619831994699	0.8652342423397051	253.91862071112317
177	-0.7099632810858391	-0.22762647203270522	0.7544829423831401	0.8702717438362687	307.23564565178265
178	0.20397055681958143	0.08234230962683642	0.8372117453259369	0.8729912671935719	237.13205781441053
179	0.16269546633470922	0.10335174369117804	0.8314949880247979	0.8645939400235372	285.67654025569186
180	0.16898009227627667	-0.004036342545204929	0.7913352193412274	0.8520545386240577	269.8644829438158
181	0.6458227589085302	0.3538175366881335	0.8320091643358328	0.8729756033952533	243.47365124321558
182	0.45638731361137774	0.5097360186376737	0.6279138377251948	0.8011848285941745	293.26094833969995
183	0.1757257848999538	0.2899015873087212	0.45901154904985664	0.8006247550483919	284.5366030213996
184	0.20799158981643268	-0.10507895167783587	0.7764868747595685	0.7678819338081737	267.8077383807031
185	0.24666431163463695	0.6772216453258524	0.6896971958423803	0.8828562117978667	247.69985401107104
186	0.09491092505583588	0.05882387566858208	0.5017939431844937	0.7198329483050127	255.63271939934694
187	0.4240588486801916	-0.03988723633770517	0.7159540574299751	0.6459856967251432	299.52003852300544
188	-0.19737252758350007	-0.24072221210195155	0.43532372627488003	0.8832710177496765	263.59898178168135
189	-0.16203133230844702	0.32370921487181264	0.7448634780500648	0.9054310693774922	298.0096434816358
190	-0.05474971979284573	0.20300274994025302	0.8818994804021987	0.9262773948942886	286.4059068733612
191	0.09079386101656393	-0.14301731134220427	0.634206356315013	0.857768295185969	283.5613536314622
192	-0.016325842752775665	-0.18313651427196642	0.6065391402847373	0.780958243882786	256.5507677040706
193	0.04153253068538369	-0.12212238470537157	0.34951028600932926	0.7584675001335481	292.3739135917359
194	0.6829804430098273	0.12043570306827706	0.8374325471390037	0.7882756466854233	380.6545244190433
195	0.1976007876880759	-0.38267201062069695	0.5918752739848164	0.5504374595354518	308.06483546308937
196	-0.07944153275574006	-0.09976698884943902	0.7420615182406981	0.8639587893476313	306.5202702040445
197	-0.278956220310799	0.24696066775093492	0.8118731992351528	0.8353751004362494	304.75919732545333
198	0.15100017639704513	-0.06982940648822268	0.7269797830294676	0.8386942275324215	265.30091806315806
199	0.061420996943819195	0.10804352404057838	0.7542716940239389	0.6910688034941108	238.30563922273677
200	-0.4755255840780916	-0.36575300246286097	0.8963938882082538	0.8950433874425144	305.24284772306214
201	-0.22037468417148204	0.10213874621085808	0.664911505588657	0.885954456661988	336.5901389594737
202	0.006073354143430239	-0.04862857238181084	0.7921866368902544	0.8243087057197587	263.0403236473059
203	-0.1570780562203684	-0.32741041545136484	0.6547148801783114	0.867275908316644	284.00979948147904
204	0.13732517751536766	0.06550241919395576	0.15692852043220032	0.816688617775796	245.12600896387715
205	0.24561521087191357	-0.2666269501305128	0.7027624335552801	0.4376374503074477	364.63459436202163
206	0.11387711138534833	0.1568100696533669	0.7131137086911754	0.797955476499302	279.10034773891346
207	0.20324253294208766	0.24764007472517283	0.782349386970054	0.8563467681173317	294.2706113236702
208	-0.36353558636551364	-0.1900896679692824	0.5721150109465614	0.8037182037181226	267.2724252972309
209	-0.26816485189771516	-0.3013843514084995	0.50972774374276	0.5886930484285274	268.7982636377724
210	0.012092210149593685	-0.13024721571817463	0.7271014980005569	0.7426534907980009	244.4108541560286
211	0.21093381878743997	-0.13432283774678125	0.676032442485473	0.8191658144387169	286.1959168943919
212	0.2798723104867991	0.013741850220266066	0.5652220548123177	0.8758711830293187	245.74991576468415
213	0.40979908872114656	0.561207045738223	0.8995791503061927	0.9434290256802987	241.83031421597153
214	-0.3570587448113309	-0.06482954098806926	0.8202419494697284	0.6851795846802302	264.66299684533345
215	0.2832441681136887	0.015203163890094965	0.6763103206096005	0.8514076533556337	307.80327527988743
216	0.10443423736701622	-0.001275607842776474	0.803175586715565	0.8027522848821025	380.99605355469225
217	0.3509906492645279	0.36629731050916375	0.8048858297591034	0.9053771459969621	282.21431575965835
218	0.5922767617754671	0.11765951096422297	0.8826187243838108	0.8301745504771683	302.5975005872174
219	0.09684063242695824	0.09522421698217913	0.7625421855892565	0.8774046537241394	238.416417377695
220	-0.2722528036340318	-0.18343071942485675	0.8541057898504221	0.6584428120018727	278.4492377396592
221	0.5551933890544015	0.19483604558002243	0.7064880261717165	0.7506671483299961	258.7574630649548
222	-0.44295355945192927	0.3501071839983497	0.7269385282206597	0.7327028976497894	223.07691794823614
223	0.20938265010230533	0.03075512241830216	0.796246354084906	0.9500115461265719	302.79921852281717
224	-0.3648954785292966	-0.35508443896124114	0.8606648219287453	0.7433317125759108	247.1537843036999
225	-0.19977704759188755	0.2977199841771593	0.7848842671112154	0.6967826185217834	242.64582189659396
226	0.029155555281408386	-0.39919402234606344	0.7020542449413355	0.9707141276930888	292.5365944263127
227	-0.2303526495452722	-0.37666845890978784	0.7745811316244344	0.8484733354332806	213.0661363834183
228	-0.21900595668051007	-0.3095141367746395	0.5707631758835306	0.8261886063477982	295.0068418318779
229	0.011745209829167144	-0.35816830719016163	0.9002680833965564	0.7975763386701114	290.0081371987177
230	0.2393720986232839	0.0496357886441537	0.7408097239627522	0.857467440830004	290.4739130505061
231	0.31379424687587837	0.24143786136753656	0.8779013602714545	0.9057666771281622	300.00679361975466
232	0.08963306094385684	0.3202330142764452	0.5547670102219343	0.8975844192526636	272.9929526558167
233	-0.21100501103509722	-0.3536779905381041	0.9314691862069092	0.8966420839914789	233.76567476661148
234	0.07685586923292363	-0.12247605697103416	0.19080563755626262	0.7173998756152848	289.567346839453
235	0.5573755201775232	0.081351827454429	0.520679288494188	0.7935008275467504	258.23973084276196
236	-0.32176064992583453	-0.512155611987323	0.5323301713126413	0.8340972487857019	295.22343357496726
237	-0.17368859436280742	0.2794642480607892	0.682622756611773	0.7958352638567956	260.5254562500377
238	0.4664749148935807	0.2948633442817964	0.6771956781821586	0.8607237903921157	260.34632898288856
239	0.0464286429614802	-0.12843757259330205	0.7891713445245434	0.8636963305253893	294.38872409688867
240	0.5094639792459685	0.4927395819901677	0.4901553888487809	0.7799233803056487	265.7747458911933
241	0.5890583951792989	0.6064570035807917	0.6777787138891277	0.8289370115181746	272.6403260566801
242	0.002979891506446496	-0.04888505225967678	0.805700204192773	0.8595246390935413	279.5462495014437
243	-0.11933968554069313	-0.052645479075310364	0.5668743611988859	0.76274803442497	246.58198306304183
244	-0.18371784286422624	0.10176419458216521	0.7526293929067033	0.6191436548140796	305.2970365359794
245	-0.18040663501664067	-0.015318349617714663	0.6380668955132801	0.7710441321864321	194.76348347271687
246	-0.008155380176550934	-0.30633536605273637	0.5183818406295944	0.7073107122569514	267.0516921786367
247	-0.33416286366396114	0.07346574278735743	0.7244423210217862	0.5752085106845365	276.4435117196184
248	-0.5981179130994453	-0.1060853473941881	0.7760957347156535	0.774240882003168	263.73238581859215
249	0.421985440047247	-0.09421649058191875	0.7481897529262254	0.7336339774977573	320.22258144673964
250	0.08894952302426781	0.10799185363216558	0.4314835131917695	0.7342531420286954	231.14339461902938
251	-0.3702955458978769	-0.07922172553318131	0.6228657261492638	0.7983417914522938	207.1287505131387
252	0.6358400593082767	0.5957912052871525	0.7376906081820561	0.7983669536740031	266.258008290106
253	-0.10183108538441629	0.19463892564634733	0.7756804747159463	0.8598943965156798	339.37180894792897
254	0.09305534535470686	-0.051739115501339	0.7672315752830854	0.8841056337523012	309.07988626933485
255	-0.30617415202245013	-0.37760906177966186	0.5272733432505253	0.8641819407018251	266.1321421276056
256	-0.23406004680299752	-0.03993071124005447	0.5838082399919506	0.8071347889561656	235.80601882235325
257	0.23527095337689602	0.046920227018830016	0.693152253899982	0.6610319146230657	270.654774588065
258	0.19676998242426041	-0.1009568334428329	0.8049911651926018	0.8377420355282087	229.68275215646952
259	-0.2304875823828415	-0.2596199424460981	0.6888796467502193	0.8163810352281059	262.5805559371245
260	0.10559039000947136	-0.028671619415936062	0.7187919681178364	0.9571002325329837	265.50273063599315
261	-0.0035004893960974776	-0.19708345997123575	0.7216370808659761	0.8794044915164969	276.3625966867353
262	-0.32036970313477614	-0.10864262011760592	0.4577122583604607	0.8351191966560453	228.38949986140682
263	-0.06434086202243607	-0.2909637148065607	0.634962299467096	0.9070276033101452	260.01180262530903
264	-0.003808529097699193	-0.2818351173697338	0.7507556819541387	0.7611745780869846	328.1710127062176
265	-0.179684433985366	-0.1384646178772829	0.6532657445421975	0.7527988641081261	284.781070069889
266	0.24410346013960338	-0.3427573064636109	0.7608215782624844	0.9504913809006927	283.82728117495265
267	0.10602265244199238	-0.45621796924135655	0.7367184358089316	0.9346665389831131	264.16265305837123
268	0.6914287387398895	0.2431546418437724	0.81428559415318	0.8534162276293108	260.59120513663373
269	0.554264344920965	0.10762510546111992	0.29401801972833413	0.8847899112393568	241.66723726189983
270	-0.23976180557286877	0.06657505481571258	0.5264457381105603	0.5909409944732179	249.66290343030033
271	-0.41046923996415546	-0.24883409497085798	0.6661256025332598	0.7095645222901311	262.70466416793045
272	-0.1366941911623836	0.21930508566388193	0.6981259582956233	0.8334914100211628	264.67697517025255
273	0.0995897665650895	0.17433035716235615	0.8719081507347582	0.8907111944034934	251.3450559950799
274	0.3431001142437452	0.24234362448247446	0.21339996882940868	0.837413865895634	265.90355491569045
275	-0.19694110840542048	-0.33495545990927855	0.6677222998627956	0.5810255923723145	282.50726556948604
276	0.22421761347814304	0.10511882099186166	0.5576939994950127	0.8095800339913996	248.04662459382686
277	0.16391621506697468	0.26184051616354825	0.7935586298417973	0.8474962100285359	241.60822108773982
278	0.03177037444708205	-0.39708784604924796	0.7637297185705411	0.8364178585747702	258.0455747798946
279	-0.14906520611245652	-0.040196790377609426	0.6849643149117782	0.6476537100974331	237.2592154919452
280	0.22044143636137872	0.03852009149887234	0.632896503009101	0.8309122060075361	266.78401995578645
281	-0.5889673139388641	-0.09677508481063167	0.28538383715831134	0.6677861414051639	225.61516741475606
282	-0.039555949419962017	0.070703306285117	0.5899949819530635	0.6270743094243988	280.28426759346286
283	0.015917593499071826	-0.36541093222168086	0.5601524220745192	0.8028847457823721	245.1602581257843
284	0.2538151916463531	-0.3817849517558529	0.6804458068925937	0.7568347366630375	246.0334341079242
285	-0.10309034266863036	0.06360459502377855	0.5763589071004275	0.7383971215638883	240.33480858769644
286	0.30992871230952007	0.24941434080315933	0.8920637988636916	0.7806016453366267	263.9542767456526
287	-0.14047322920228106	0.14367041096752411	0.6355513964795436	0.7888011626896916	248.55879296714028
288	-0.2208654024232164	-0.31183805830525435	0.7130237240659365	0.6608342700362034	324.5972073168196
289	0.5231496785069928	0.4573742773294172	0.7538885936830233	0.8218986708301348	314.63638491051796
290	0.6426288766167653	0.5106446706133257	0.6146321413026311	0.8159663560225593	299.247613845341
291	-0.2123920481651605	-0.31525227811598955	0.5416778253632666	0.6913838947188965	239.92857671729922
292	0.6837981511893797	0.25964865051369085	0.7108689606488263	0.6519832306346486	273.68113032854853
293	0.009205039688276786	0.15692958623832354	0.6877932567480033	0.8546667750917464	295.3097941369503
294	-0.3847469223743375	-0.41860400139984577	0.576456837771566	0.688953741609237	304.49333500005554
295	-0.27122684175038664	-0.1430517304044838	0.6977731446367376	0.7125793898565517	280.45515042036584
296	-0.030142519249274236	0.2111252564146486	0.7042069499785958	0.7728855876334619	272.32138298675005
297	0.06270576575848294	-0.0317241853351738	0.5267526215506972	0.7657882561575219	291.90787131416084
298	-0.08866907850184318	0.15923481559048044	0.8100368192387897	0.7615314745823355	284.3981821592278
299	-0.14149365894790444	-0.3346822567167623	0.7821859437425354	0.9038319337818719	278.60541224325027
300	0.5740412089622317	0.30078401387740744	0.6926192615195408	0.8621005388203039	271.7368437789988
301	-0.3850291169650705	-0.3536017114133953	0.6039113913570493	0.747444185300807	341.0305365591881
302	0.10043236692146684	-0.0028311805388522536	0.430922377419752	0.8072090178009842	264.5705063522684
303	-0.04910207484284991	-0.6075075384936389	0.43235056822605294	0.7260183486151014	309.5612326109238
304	-0.11853339072293104	0.026305850970124892	0.7320213809285173	0.7440709585307977	307.5381854700462
305	-0.006396147452294064	-0.46854412349376307	0.8648578351821504	0.8639377721652323	250.52008078729415
306	-0.03284293346703642	0.11811488694296536	0.7484348220528969	0.7437669818561772	281.6103106689716
307	0.11870821084105943	0.19510963329603492	0.5525515801375764	0.9136248094342453	281.46075431399265
308	-0.2097111777122841	-0.05267450061451338	0.7521323752000485	0.8269745086409934	305.6411235641648
309	0.017187144982432054	0.1948163411049268	0.7768911940928873	0.8873030300845456	230.43719023683266
310	0.11860830236888913	0.3204964634731111	0.6756706017620712	0.8653328829906222	236.26217802260643
311	0.14038959158649753	0.061832202518483315	0.8369449651677431	0.8769086086805329	254.03481116034732
312	-0.03993656212155448	0.3078007823899536	0.8563315206859341	0.9294557056776159	343.71871431662817
313	-0.2050753961989624	-0.2463420082063191	0.7238942120825741	0.8768480012051203	268.0928249000296
314	-0.34833525879292215	0.24646077704182087	0.8046454456693577	0.6667760792725332	248.78562399007086
315	-0.26937826541625814	-0.3526617895331417	0.7404451601987233	0.7201324850016233	269.63202202094885
316	-0.34211793815319436	-0.5477586380841413	0.47105406894509055	0.8619713769634455	320.94064760720164
317	-0.08240074607139412	-0.24901023684263981	0.7704840339352982	0.9077186717049323	307.27183163715955
318	-0.3537937872643035	-0.363789893231255	0.624361543479743	0.88911712281345	245.76036673360315
319	-0.3931980126090995	0.06079985637333078	0.6566390795093127	0.847622308099069	302.1363660125156
320	0.615436942292345	-0.24561288468695724	0.5298319717117503	0.885091070819278	247.48912130408527
321	0.6854022697682672	0.2118055355793104	0.47073103293113866	0.809044521845656	274.7027684902564
322	0.05661920190956075	0.03541956507144564	0.856154190193379	0.8880675147664684	315.0438807091172
323	0.06879737171010432	0.08706066073278175	0.7088022307757936	0.4610847191688234	296.95663870439773
324	0.31010992197580034	0.3878039523140634	0.6382080862721323	0.8518051966264276	273.9683664090026
325	0.142188684017017	-0.30795642403574636	0.5822405916977023	0.8556536796282191	333.31903034084405
326	-0.635334745380373	-0.25168174809195093	0.3651586863163739	0.8002885596909656	255.4362672534794
327	0.15356267501139267	0.1927213048125186	0.750939629327177	0.8880205736652597	262.8588172869885
328	0.440139041185725	0.19179861378309648	0.844797467738688	0.7473956161791094	256.56411998228
329	-0.005054153544285824	0.2047590080653712	0.7764668925193388	0.8990620210932588	238.90656821057837
330	0.5942410227043574	0.3313383027189467	0.7459359692583423	0.7224772490434989	249.52625849661206
331	-0.5202332488357714	-0.22797065874450317	0.6742723756627654	0.8238359878471864	291.93716567388776
332	0.02488871090394154	0.14441701367073134	0.3580392351197133	0.7710320539847659	286.62099537504685
333	0.5178127472521554	0.4286235669100741	0.8249484542553777	0.9314074470661687	255.73374694808714
334	-0.167454283395394	0.40067438692701157	0.5657198617510332	0.4419106043623515	281.5473593067354
335	-0.026465477096370017	-0.030277811413217275	0.773431920624363	0.8349464576602355	280.80944891892364
336	-0.44588703768201504	-0.29177784672115625	0.8882351741465937	0.7774174049350455	265.64221691221627
337	-0.3085718756098218	-0.138221772791339	0.7249848858672339	0.8673065878915726	357.62230711417
338	-0.14753841723436176	-0.47959332267934	0.7668662610557325	0.8324085844665768	282.7513817665625
339	0.38856722829938806	0.17796304029068125	0.45240575511294695	0.6661878354764627	305.48354119206
340	-0.26771263990662986	0.02900056173997896	0.7743048454208863	0.8579106109621789	262.1683796948265
341	0.07388062139893752	0.08601799871243233	0.4146260705735975	0.813371984625433	269.2725912667291
342	-0.009756152252062443	0.12531918988979884	0.6168244701235385	0.7590786253672064	231.12768579262232
343	0.19108717318466506	0.05007883070214381	0.8034442225564734	0.8213443101204705	257.85460856233885
344	0.4141310754461498	0.3363801127985682	0.8728158722882188	0.7399576576655525	351.31783470334335
345	0.2031648561769174	0.2060732786031575	0.5354676730150945	0.8931730641011707	253.28832143444225
346	-0.32192114961361784	-0.16362067237000935	0.7479423039911144	0.8868548530639533	249.41739529064105
347	0.3926995494472524	0.27688636863223437	0.7185472009727073	0.7510860988375169	285.88698570382525
348	-0.2189072628215362	0.02817153087557344	0.6970980451852637	0.9125171066671195	298.20325901627274
349	0.3088642616578359	0.15099529144434243	0.8123886499904888	0.7577919210756753	273.9197929687076
350	0.5317425308169318	0.032153812596036974	0.5412984880947416	0.8524210492057642	252.10992126831331
351	-0.2909322685481156	-0.39646708462268215	0.7724621203123299	0.7269336736017291	263.7297334825177
352	0.3585927870362011	0.47582560493857834	0.8555140265144815	0.8572717299191093	332.540558782495
353	-0.07010592959599385	-0.23072381064864067	0.8469269042559954	0.8162094265115636	267.8608388318203
354	0.3668829512135916	0.2323243785548328	0.8068286115210404	0.8819570153375265	292.04225531518426
355	-0.18363349343948374	0.047815450838920005	0.8125038603755416	0.8183295693328452	245.73928638453756
356	0.5071715985846645	0.27248493731506057	0.5197803657700653	0.47077734587347064	256.0063399828634
357	-0.3385024383841226	-0.3950800440339272	0.7190659331532486	0.9226398925598647	273.174362882067
358	0.23025728013220648	0.07526885288834868	0.5994746316569107	0.7444952740642159	227.37246902670216
359	-0.11833474297930113	0.07030883250690594	0.721713750835861	0.7031772512676154	284.7857594178594
360	0.05660108703656821	-0.22715977541763585	0.6501256374366254	0.8012644092146595	317.4243051979814
361	0.17219204157705945	0.17533821577698344	0.7597404304083226	0.7739217282749208	267.3772509435524
362	-0.044298224982198715	0.1901752659962126	0.6410209089944121	0.7632108098814034	233.17532537111867
363	-0.3415921221230944	-0.6383052255162706	0.7576060166699864	0.8909583213511024	275.9666999900988
364	-0.0769062720886387	-0.13085089715887402	0.43766595809864356	0.6263343035923269	250.00782704341347
365	0.04694834356008809	-0.045819297388814	0.7112369491167811	0.767898223393723	254.4400431420682
366	0.12619982643115255	0.12356016034950575	0.6584481111888583	0.8062103938453533	279.6599033405397
367	-0.05713299969680474	-0.0781082312446962	0.8753488588040964	0.76139477735894	330.83880210669935
368	-0.02228907028634219	-0.5735478166069841	0.8931092266584815	0.8596250679968517	280.66155869781016
369	-0.40898397492949634	-0.3951134107986601	0.7063167333962133	0.582381907746154	276.69956210772085
370	0.33231625788955654	0.13618978888508593	0.538352650628718	0.8217303106016767	245.58102501572398
371	0.01669478060913473	0.30078998297708603	0.5256890050602597	0.714891597421919	293.9320000468717
372	0.4788074667889564	0.11280264763197843	0.43675167810016413	0.6740476874899561	265.56897226516344
373	-0.04228587098028774	0.21987700138528343	0.6516638703229712	0.7167119368973864	326.73834080718234
374	-0.01359971568212786	-0.01807086012114265	0.7474563774533839	0.7263607575585135	302.37254974078104
375	0.2871110682930034	0.19984698311648189	0.8708421548375809	0.6752938105235129	304.3050329511838
376	-0.35788685074877685	-0.05379305964851774	0.5868486779253451	0.7274374995643984	268.0779096746885
377	-0.27345156439484775	-0.17452881435747744	0.2637715262365435	0.8145635909526064	267.3778567603718
378	0.8822549985325787	0.3660859599339464	0.5278691226540363	0.7607810326481244	271.52393892618096
379	0.5814092414156713	-0.18524067516431306	0.7397806513703239	0.6065108971052304	295.7201453794209
380	0.31684958324004825	0.13863700280807523	0.41963878225349294	0.8867830215648234	228.08836443965248
381	-0.41695912506352223	-0.2742312353016885	0.5540224449739541	0.3014270204594919	255.6846440232977
382	0.5429111627790518	0.4973406531890063	0.7965486278428694	0.8509701145469615	262.88666858174764
383	-0.18085198320461823	-0.28915685902440574	0.37477888005454235	0.6726809279729515	261.71328373842687
384	-0.1513517853081334	-0.21276199136543422	0.7042714988773877	0.8078157806076599	308.94170623999054
385	0.3324145337711506	-0.21774544594241727	0.6705336609068002	0.8828880383449753	217.10039602276467
386	-0.3966350437055145	-0.49509872558684864	0.609052649884132	0.8319462886184176	249.387994231557
387	0.05881349075733185	0.16281730591233484	0.4230736546699861	0.7738824913338825	270.6158041098605
388	-0.24115106642163672	-0.028207885199637402	0.9263474327843831	0.9084631746082704	256.63302063453943
389	-0.6999253258435761	0.1719873629395117	0.5452161230665458	0.8218085396373096	216.01090131504225
390	0.2478324284669864	-0.11611392598894486	0.5166871699139715	0.8488788169727182	264.01280567789917
391	-0.10353263156824452	0.08685630125281796	0.7165688879964336	0.7794508394220694	256.9133718045286
392	-0.46917818048124	-0.22128866028257346	0.3587838950027703	0.7691479397482077	239.39982192234973
393	-0.03009285460998097	0.22110651392270944	0.7328769183099855	0.812622843842142	244.25043943235332
394	-0.26979544644774517	0.2697206449005559	0.6371846467603604	0.47380737738581274	327.10952574236586
395	0.39196594826356745	0.30570877845501643	0.49294990333946304	0.8463051139488416	225.16204207518967
396	-0.16118854716841946	-0.18723885392872153	0.696250668121073	0.7862679581401355	208.73354887084136
397	0.09695011251487141	0.03349239119337492	0.6757801418031986	0.9291903282184736	304.9721414275424
398	-0.06054318964299616	-0.21790378455565118	0.5439557218004738	0.6150509443896555	253.8733826366039
399	-0.018156525136616322	-0.061242502383542265	0.7155077708381139	0.7232562768454097	269.5980368296287
400	0.07967761412014521	-0.31360141385487733	0.8511295003545125	0.7597890253441428	236.9735070770742
401	0.04377215032774175	0.07415460855211078	0.7577467427722049	0.5119472527790168	268.5178201760743
402	0.32097379611080445	0.66638566602085	0.502116316497786	0.5810963784345421	218.33178522951647
403	-0.25302024735543804	0.0010662578288381424	0.6390074713842948	0.8093970630229559	222.65258156845053
404	-0.10387520410694255	-0.14530494749200532	0.5590379351509874	0.8849871750695761	239.1412178309016
405	0.16343986163196117	-0.15155638838704794	0.8144905952645232	0.7919638200106279	267.86019076328296
406	-0.19831362399889274	0.2201023983062755	0.6945101941307195	0.716785460217411	308.2549616694827
407	0.553675978793835	-0.038296945124317854	0.34687682249930857	0.7244116740370516	309.9616356601285
408	-0.23518987276949122	0.24719176423313044	0.687963197115485	0.8287139130757005	281.2085397167757
409	0.47326201267141993	0.22818235245942783	0.6668550337831144	0.6430371938289806	252.92226237208587
410	-0.27296839554751096	0.05016829598619512	0.6498590625996428	0.8377253046506803	295.2958662594845
411	0.6020435596059533	0.33097084816527816	0.6920016292569358	0.6893010434333351	245.89489394400397
412	-0.0337521044523018	0.06919660144787709	0.8595084706888232	0.6562038380597908	334.8854150341368
413	-0.28302779267012124	0.0022134106088629664	0.6801037856615806	0.7827696081835558	250.893734469335
414	0.057307301242908434	0.2666511495901712	0.8267923943501726	0.8055637594608559	234.67328058992297
415	0.2898842571322088	-0.01135670071910665	0.6479472789418507	0.7893170076885654	240.5759315321419
416	0.5841145376994611	0.28685994627350186	0.5246991317119589	0.5773307733012846	283.48912824089444
417	-0.3962546777140256	-0.04039531695672979	0.7659041929523402	0.5201882795205759	261.3980173352019
418	0.3535862152977182	-0.06967360951671289	0.7327937566850503	0.8268138636494617	311.6342736895902
419	-0.18967403779715858	0.08941239524481726	0.822598327997345	0.720222587363492	255.38491906490083
420	0.5558603964106746	0.15288220414234888	0.6924660729940566	0.8637040382709439	337.8790260079534
421	0.05121707882358783	-0.06675290048539438	0.6064408987705995	0.9444707770472729	284.18555783187753
422	0.2252678565334043	-0.26321379726210703	0.8410491885195013	0.5763597519740535	249.4384967411168
423	-0.2432608529245282	-0.2651837702830258	0.35053110807751686	0.6198939438528385	219.41029222437737
424	0.2707448398595838	0.02478331032956701	0.8849360100307977	0.9320555087155762	325.88569625337345
425	-0.11344305653140506	-0.06917537543542421	0.9033585494322874	0.7836439468323758	268.2126662166017
426	0.330044072419264	0.2047794663187204	0.746136941368504	0.8126350778701549	250.08419977981092
427	-0.2304814576028454	0.17121584165589063	0.6578704839810685	0.9127323399614984	234.478779024098
428	-0.12990564769197724	-0.024642991547395108	0.7455296022516955	0.6604854161660345	264.54153358304904
429	0.18605755915180608	0.3131497637809533	0.4204387298979447	0.6381783247840838	299.62182904882485
430	0.21205519255338734	-0.03501827070026929	0.7657307461301979	0.8752930377021806	283.65712516440766
431	0.3431620577298159	0.10519899300684865	0.6464849994810425	0.833488869771342	287.78781442751153
432	-0.2689456601346014	-0.18965863292846066	0.5219382539930345	0.6651974820577716	267.64095959439334
433	0.6337264174426569	0.007944056088887628	0.5768350014255441	0.7991422925055319	258.5677184614618
434	0.5535699065917591	0.07026375556888866	0.8522892814593422	0.7662997363529446	302.0170938581522
435	0.11084276708207888	-0.13922912202343207	0.8421970535800518	0.9571003839421919	262.6803474489718
436	0.20854852011962255	-0.5139483271702096	0.5509975310481611	0.6958944694830298	262.0381911812802
437	-0.22925641815350528	-0.6838799995848236	0.7588266228560016	0.7678764483433125	262.8259536635066
438	0.16593472726020908	0.017944595962406648	0.25643176878413937	0.7655321744645194	237.95233544823432
439	-0.19653054265675735	-0.34258521199692604	0.7591929333461147	0.8934623733563012	282.48435006229806
440	0.3745743621731752	0.32687430559856323	0.616711185656224	0.9174241111159428	272.38158930246954
441	0.11623715541415514	0.17566622420172476	0.702491724472262	0.7220383654474264	290.662868155426
442	-0.33513080092461545	-0.1720944543405396	0.6342856372963979	0.8141447181447263	271.39082122911447
443	0.3078476608405156	0.15617602157350816	0.6841311887645913	0.7804679528329315	216.71338322766204
444	0.5441869988579485	0.5773321703289133	0.6270797696979412	0.9333150529480693	240.2924113860106
445	-0.23771300460497266	-0.11799383269000996	0.8126308686860163	0.8917677687691219	277.6973530377042
446	0.4916866903656739	0.25140556833384864	0.5056728331914819	0.7560434798282591	269.3845284302996
447	0.3231572115168669	0.5638810572336603	0.6359167158918726	0.8297358882196817	263.51408867510395
448	-0.3103808441335373	-0.35701624194503223	0.4850443742065702	0.9032385284282358	342.2867992948547
449	0.34988774169728726	0.27986793629361906	0.732612726900435	0.6141028217594117	257.864961838188
450	0.06969678523277796	-0.12348378941282102	0.6337052703984146	0.5549556169722206	268.8858256441054
451	-0.25913524453326536	-0.23360012629465585	0.8311354327750875	0.817255280154282	300.93201429529444
452	-0.24439076311917143	0.18336351947798302	0.799471053666696	0.8714905286671937	230.18309481292292
453	-0.04426928159076285	-0.04074211639903964	0.7702613233691176	0.8426526856255915	304.7146802685102
454	0.35492387860574487	-0.028233928339787846	0.2587990079956129	0.6155489998815165	246.67009068097875
455	-0.05404283049408541	-0.17976342586306435	0.6213028489928636	0.8424252972724404	269.53356311137424
456	-0.17910398601530875	0.4251437282083213	0.6081305600732191	0.8224478187319016	239.95694893405332
457	0.02831900041148639	0.11835142555121865	0.8340724271419352	0.8494937006260931	305.6112923624268
458	-0.09387624522485279	0.18092160401900248	0.7280999286527544	0.8999497900658671	260.97515545576823
459	0.07990593048144491	0.24081891820844642	0.7334123012520575	0.8128425309550499	270.5190305258996
460	0.5936547521242796	-0.09165448166715158	0.7878146565133076	0.8055973041610496	300.1783063319618
461	0.2102362667717774	-0.1175608228833043	0.5146931461785142	0.7824719816060858	247.28466593201594
462	-0.09298305519783609	-0.22688414162483456	0.623109922937568	0.6673881514310704	282.9378618992899
463	0.4949599625037625	0.4410065269653287	0.8089097746332254	0.8099370763222488	278.538951751658
464	0.2874406744261962	0.06979189884066776	0.7423903662962319	0.6727744943370966	247.26371554750008
465	0.04103214170657045	0.019169204355232058	0.5757890577807024	0.8397761007636022	249.13600292661147
466	0.4321138585289627	0.30837804951986225	0.8270076340114658	0.7968353726271148	298.3141285469315
467	-0.19628493054382598	-0.5410741230721993	0.7265152305546922	0.8848307491467097	230.3244188298612
468	0.17918816532125975	-0.6762517934365321	0.48520267213661833	0.7412136480704736	271.23406673335154
469	0.39320245848386903	-0.17997195009637004	0.8104447520490595	0.7731479283499195	271.70268154426776
470	0.2984419725516723	-0.10810737819131806	0.4992285342345345	0.6782669686812721	266.4848828394847
471	0.39986263893622026	-0.04270598131117708	0.5654620420022735	0.8222100184877094	238.42731036840473
472	0.057123250552509094	0.1528781846761599	0.7667611210372222	0.8027166291133582	260.2058144244333
473	0.3652115915284617	0.22494444168328534	0.7733749717615334	0.824873151061089	273.5793410818561
474	0.05368908904366701	-0.05443911380832677	0.8129862788089782	0.6819804452479244	249.53610697280797
475	0.061450286749402	0.006381089330392277	0.7919904590143727	0.9187961710194601	267.58761268551746
476	-0.08881180637911391	-0.2966397586208339	0.8563578744490372	0.8364989159660954	357.32111102685303
477	0.04827579700181141	-0.2683084341140988	0.7287560166702138	0.6273546306406299	281.97247082582203
478	-0.3257892588865509	-0.34280951182046726	0.5838489258732529	0.8811011971468922	229.9212905969815
479	-0.2921141132176745	-0.34927054730516616	0.8834671224226988	0.7632524684251396	248.44988052279407
480	0.16200935906825908	0.2866909210029857	0.530766672512359	0.8539281828044432	253.37679210987656
481	-0.32337011292077766	-0.014071015631770182	0.6736709175241429	0.6133900169333891	289.5452543385844
482	-0.12300709025633116	-0.1370810519872265	0.5775934979696777	0.915024389027144	268.6265285673485
483	0.44648129485425714	0.10911879994105232	0.7710413191284099	0.6929676592494723	277.94666578165686
484	-0.13399722265925093	-0.3014291764088236	0.4904811568257286	0.7264509711174304	272.8604945065572
485	0.1922774186034552	-0.3502980858651637	0.8255650065981954	0.8012722530056453	386.94991371654476
486	0.019814070617070294	-0.08263930096457628	0.6930332573760996	0.6960535944530036	250.29621357770552
487	0.06999530390413745	-0.01716372789552921	0.7226051421244837	0.8704223150352872	259.39541979501297
488	0.22105563678318713	-0.20047589080656122	0.7566222548024102	0.7436646968291202	213.26596373141925
489	0.06383448709484747	0.1081125752495642	0.8491375009471454	0.8084874052701161	274.084540035203
490	0.46919170927517057	0.4158100812433616	0.7480174443197452	0.8320079159937819	318.4669431915176
491	0.03806884741605362	-0.1237375041010838	0.4466591023434803	0.848754368165676	261.91148692844126
492	-0.09618775676199771	-0.022327744447141376	0.5901657483135408	0.7684654700023827	277.2163919927852
493	0.3067466113755642	-0.18115571778075393	0.6999268539320488	0.9411276220474051	254.69300351200044
494	0.630131451107729	0.04460118261728948	0.6362893920073655	0.6702622104902799	304.07921150174155
495	0.3715822594912617	-0.13558802747400653	0.7225211797660643	0.7528140502378616	276.71564379543366
496	0.15787562363021623	-0.11412598448286175	0.6133928899202585	0.8248564321080881	260.47713068531857
497	-0.4345139919849169	-0.6612641762663104	0.7993573745030452	0.9139203767216851	257.58235587273
498	-0.05872751422327225	0.15694390103527367	0.7590678729321754	0.6710974589685859	281.5202094518185
499	0.26881529166524476	0.3517515356625241	0.7539121176389401	0.935498676288841	300.6492694539708
